INSERT INTO DTC_CMMN_CL_CODE (CL_CODE,CL_CODE_NM,CL_CODE_DC,USE_AT,FRST_REGIST_PNTTM,FRST_REGISTER_ID,LAST_UPDT_PNTTM,LAST_UPDUSR_ID) VALUES ('EFC', '전자정부 프레임워크 공통서비스', '전자정부 프레임워크 공통서비스','Y',SYSDATE(),'SYSTEM',SYSDATE(),'SYSTEM');
INSERT INTO DTC_CMMN_CL_CODE (CL_CODE,CL_CODE_NM,CL_CODE_DC,USE_AT,FRST_REGIST_PNTTM,FRST_REGISTER_ID,LAST_UPDT_PNTTM,LAST_UPDUSR_ID) VALUES ('CMS','CMS서비스','CMS서비스','Y',SYSDATE(),'SYSTEM',SYSDATE(),'SYSTEM');

INSERT INTO DTC_CMMN_CODE(CL_CODE, CODE_ID, CODE_ID_NM, CODE_ID_DC, USE_AT, FRST_REGIST_PNTTM, FRST_REGISTER_ID,LAST_UPDT_PNTTM, LAST_UPDUSR_ID) VALUES ('CMS', 'CMS001', '회원유형', '회원 유형 상태 구분', 'Y', SYSDATE(), 'SYSTEM', SYSDATE(), 'SYSTEM');
INSERT INTO DTC_CMMN_CODE(CL_CODE, CODE_ID, CODE_ID_NM, CODE_ID_DC, USE_AT, FRST_REGIST_PNTTM, FRST_REGISTER_ID,LAST_UPDT_PNTTM, LAST_UPDUSR_ID) VALUES ('CMS', 'CMS002', '회원가입 상태', '회원 가입 신청/승인/삭제를 위한 상태 구분', 'Y', SYSDATE(), 'SYSTEM', SYSDATE(), 'SYSTEM');
INSERT INTO DTC_CMMN_CODE(CL_CODE, CODE_ID, CODE_ID_NM, CODE_ID_DC, USE_AT, FRST_REGIST_PNTTM, FRST_REGISTER_ID,LAST_UPDT_PNTTM, LAST_UPDUSR_ID) VALUES ('CMS', 'CMS003', '게시판 유형', '게시판 템플릿 유형', 'Y', SYSDATE(), 'SYSTEM', SYSDATE(), 'SYSTEM');
INSERT INTO DTC_CMMN_CODE(CL_CODE, CODE_ID, CODE_ID_NM, CODE_ID_DC, USE_AT, FRST_REGIST_PNTTM, FRST_REGISTER_ID,LAST_UPDT_PNTTM, LAST_UPDUSR_ID) VALUES ('CMS', 'CMS004', '배너구분', '배너구분', 'Y', SYSDATE(), 'SYSTEM', SYSDATE(), 'SYSTEM');
INSERT INTO DTC_CMMN_CODE(CL_CODE, CODE_ID, CODE_ID_NM, CODE_ID_DC, USE_AT, FRST_REGIST_PNTTM, FRST_REGISTER_ID,LAST_UPDT_PNTTM, LAST_UPDUSR_ID) VALUES ('CMS', 'CMS005', '정산일구분', '정산일구분', 'Y', SYSDATE(), 'SYSTEM', SYSDATE(), 'SYSTEM');
INSERT INTO DTC_CMMN_CODE(CL_CODE, CODE_ID, CODE_ID_NM, CODE_ID_DC, USE_AT, FRST_REGIST_PNTTM, FRST_REGISTER_ID,LAST_UPDT_PNTTM, LAST_UPDUSR_ID) VALUES ('CMS', 'CMS006','공급가 정책구분코드','공급가 정책구분코드','Y', SYSDATE(), 'SYSTEM',SYSDATE(), 'SYSTEM');
INSERT INTO DTC_CMMN_CODE(CL_CODE, CODE_ID, CODE_ID_NM, CODE_ID_DC, USE_AT, FRST_REGIST_PNTTM, FRST_REGISTER_ID,LAST_UPDT_PNTTM, LAST_UPDUSR_ID) VALUES ('CMS', 'CMS007', '입점승인상태', '입점승인상태', 'Y', SYSDATE(), 'SYSTEM', SYSDATE(), 'SYSTEM');
INSERT INTO DTC_CMMN_CODE(CL_CODE, CODE_ID, CODE_ID_NM, CODE_ID_DC, USE_AT, FRST_REGIST_PNTTM, FRST_REGISTER_ID,LAST_UPDT_PNTTM, LAST_UPDUSR_ID) VALUES ('CMS', 'CMS008', '상품이미지구분코드', '상품의 이미지를 구분', 'Y', SYSDATE(), 'SYSTEM', SYSDATE(), 'SYSTEM');
INSERT INTO DTC_CMMN_CODE(CL_CODE, CODE_ID, CODE_ID_NM, CODE_ID_DC, USE_AT, FRST_REGIST_PNTTM, FRST_REGISTER_ID,LAST_UPDT_PNTTM, LAST_UPDUSR_ID) VALUES ('CMS', 'CMS009', '상품종류코드', '상품의 종류코드', 'Y', SYSDATE(), 'SYSTEM', SYSDATE(), 'SYSTEM');
INSERT INTO DTC_CMMN_CODE(CL_CODE, CODE_ID, CODE_ID_NM, CODE_ID_DC, USE_AT, FRST_REGIST_PNTTM, FRST_REGISTER_ID,LAST_UPDT_PNTTM, LAST_UPDUSR_ID) VALUES ('CMS', 'CMS010', '과세구분코드', '과세구분코드', 'Y', SYSDATE(), 'SYSTEM', SYSDATE(), 'SYSTEM');
INSERT INTO DTC_CMMN_CODE(CL_CODE, CODE_ID, CODE_ID_NM, CODE_ID_DC, USE_AT, FRST_REGIST_PNTTM, FRST_REGISTER_ID,LAST_UPDT_PNTTM, LAST_UPDUSR_ID) VALUES ('CMS', 'CMS011', '배송비구분코드', '배송비구분코드', 'Y', SYSDATE(), 'SYSTEM', SYSDATE(), 'SYSTEM');
INSERT INTO DTC_CMMN_CODE(CL_CODE, CODE_ID, CODE_ID_NM, CODE_ID_DC, USE_AT, FRST_REGIST_PNTTM, FRST_REGISTER_ID,LAST_UPDT_PNTTM, LAST_UPDUSR_ID) VALUES ('CMS', 'CMS012', '배송주기', '배송주기 월기준', 'Y', SYSDATE(), 'SYSTEM', SYSDATE(), 'SYSTEM');
INSERT INTO DTC_CMMN_CODE(CL_CODE, CODE_ID, CODE_ID_NM, CODE_ID_DC, USE_AT, FRST_REGIST_PNTTM, FRST_REGISTER_ID,LAST_UPDT_PNTTM, LAST_UPDUSR_ID) VALUES ('CMS', 'CMS013', '등록상태코드', '등록상태코드', 'Y', SYSDATE(), 'SYSTEM', SYSDATE(), 'SYSTEM');
INSERT INTO DTC_CMMN_CODE(CL_CODE, CODE_ID, CODE_ID_NM, CODE_ID_DC, USE_AT, FRST_REGIST_PNTTM, FRST_REGISTER_ID,LAST_UPDT_PNTTM, LAST_UPDUSR_ID) VALUES ('CMS', 'CMS014', '항목상태코드', '항목상태코드', 'Y', SYSDATE(), 'SYSTEM', SYSDATE(), 'SYSTEM');
INSERT INTO DTC_CMMN_CODE(CL_CODE, CODE_ID, CODE_ID_NM, CODE_ID_DC, USE_AT, FRST_REGIST_PNTTM, FRST_REGISTER_ID,LAST_UPDT_PNTTM, LAST_UPDUSR_ID) VALUES ('CMS', 'CMS015', 'QA상태코드', 'QA상태코드', 'Y', SYSDATE(), 'SYSTEM', SYSDATE(), 'SYSTEM');
INSERT INTO DTC_CMMN_CODE(CL_CODE, CODE_ID, CODE_ID_NM, CODE_ID_DC, USE_AT, FRST_REGIST_PNTTM, FRST_REGISTER_ID,LAST_UPDT_PNTTM, LAST_UPDUSR_ID) VALUES ('CMS', 'CMS016', '댓글구분코드', '댓글구분코드', 'Y', SYSDATE(), 'SYSTEM', SYSDATE(), 'SYSTEM');
INSERT INTO DTC_CMMN_CODE(CL_CODE, CODE_ID, CODE_ID_NM, CODE_ID_DC, USE_AT, FRST_REGIST_PNTTM, FRST_REGISTER_ID,LAST_UPDT_PNTTM, LAST_UPDUSR_ID) VALUES ('CMS', 'CMS017', '질답구분코드', '질답구분코드', 'Y', SYSDATE(), 'SYSTEM', SYSDATE(), 'SYSTEM');
INSERT INTO DTC_CMMN_CODE(CL_CODE, CODE_ID, CODE_ID_NM, CODE_ID_DC, USE_AT, FRST_REGIST_PNTTM, FRST_REGISTER_ID,LAST_UPDT_PNTTM, LAST_UPDUSR_ID) VALUES ('CMS', 'CMS018', '상품질문유형코드', '상품질문유형코드', 'Y', SYSDATE(), 'SYSTEM', SYSDATE(), 'SYSTEM');
INSERT INTO DTC_CMMN_CODE(CL_CODE, CODE_ID, CODE_ID_NM, CODE_ID_DC, USE_AT, FRST_REGIST_PNTTM, FRST_REGISTER_ID,LAST_UPDT_PNTTM, LAST_UPDUSR_ID) VALUES ('CMS', 'CMS019', '1:1질문유형코드', '1:1질문유형코드', 'Y', SYSDATE(), 'SYSTEM', SYSDATE(), 'SYSTEM');
INSERT INTO DTC_CMMN_CODE(CL_CODE, CODE_ID, CODE_ID_NM, CODE_ID_DC, USE_AT, FRST_REGIST_PNTTM, FRST_REGISTER_ID,LAST_UPDT_PNTTM, LAST_UPDUSR_ID) VALUES ('CMS', 'CMS020', 'FAQ구분코드', 'FAQ구분코드', 'Y', SYSDATE(), 'SYSTEM', SYSDATE(), 'SYSTEM');
INSERT INTO DTC_CMMN_CODE(CL_CODE, CODE_ID, CODE_ID_NM, CODE_ID_DC, USE_AT, FRST_REGIST_PNTTM, FRST_REGISTER_ID,LAST_UPDT_PNTTM, LAST_UPDUSR_ID) VALUES ('CMS', 'CMS021', '상품상태코드', '상품상태코드', 'Y', SYSDATE(), 'SYSTEM', SYSDATE(), 'SYSTEM');
INSERT INTO DTC_CMMN_CODE(CL_CODE, CODE_ID, CODE_ID_NM, CODE_ID_DC, USE_AT, FRST_REGIST_PNTTM, FRST_REGISTER_ID,LAST_UPDT_PNTTM, LAST_UPDUSR_ID) VALUES ('CMS', 'CMS022', '배송상태코드', '배송상태코드', 'Y', SYSDATE(), 'SYSTEM', SYSDATE(), 'SYSTEM');
INSERT INTO DTC_CMMN_CODE(CL_CODE, CODE_ID, CODE_ID_NM, CODE_ID_DC, USE_AT, FRST_REGIST_PNTTM, FRST_REGISTER_ID,LAST_UPDT_PNTTM, LAST_UPDUSR_ID) VALUES ('CMS', 'CMS023', '요일구분', '요일구분', 'Y', SYSDATE(), 'SYSTEM', SYSDATE(), 'SYSTEM');
INSERT INTO DTC_CMMN_CODE(CL_CODE, CODE_ID, CODE_ID_NM, CODE_ID_DC, USE_AT, FRST_REGIST_PNTTM, FRST_REGISTER_ID,LAST_UPDT_PNTTM, LAST_UPDUSR_ID) VALUES ('CMS', 'CMS024', '항목구분코드', '항목구분코드', 'Y', SYSDATE(), 'SYSTEM', SYSDATE(), 'SYSTEM');
INSERT INTO DTC_CMMN_CODE(CL_CODE, CODE_ID, CODE_ID_NM, CODE_ID_DC, USE_AT, FRST_REGIST_PNTTM, FRST_REGISTER_ID,LAST_UPDT_PNTTM, LAST_UPDUSR_ID) VALUES ('CMS', 'CMS025', '결제결과코드', '결제결과코드', 'Y', SYSDATE(), 'SYSTEM', SYSDATE(), 'SYSTEM');
INSERT INTO DTC_CMMN_CODE(CL_CODE, CODE_ID, CODE_ID_NM, CODE_ID_DC, USE_AT, FRST_REGIST_PNTTM, FRST_REGISTER_ID,LAST_UPDT_PNTTM, LAST_UPDUSR_ID) VALUES ('CMS', 'CMS026', '결제상태코드', '결제상태코드', 'Y', SYSDATE(), 'SYSTEM', SYSDATE(), 'SYSTEM');
INSERT INTO DTC_CMMN_CODE(CL_CODE, CODE_ID, CODE_ID_NM, CODE_ID_DC, USE_AT, FRST_REGIST_PNTTM, FRST_REGISTER_ID,LAST_UPDT_PNTTM, LAST_UPDUSR_ID) VALUES ('CMS', 'CMS027', '접수처리유형', '접수처리유형', 'Y', SYSDATE(), 'SYSTEM', SYSDATE(), 'SYSTEM');
INSERT INTO DTC_CMMN_CODE(CL_CODE, CODE_ID, CODE_ID_NM, CODE_ID_DC, USE_AT, FRST_REGIST_PNTTM, FRST_REGISTER_ID,LAST_UPDT_PNTTM, LAST_UPDUSR_ID) VALUES ('CMS', 'CMS028', '주문요청상태코드', '주문요청상태코드', 'Y', SYSDATE(), 'SYSTEM', SYSDATE(), 'SYSTEM');
INSERT INTO DTC_CMMN_CODE(CL_CODE, CODE_ID, CODE_ID_NM, CODE_ID_DC, USE_AT, FRST_REGIST_PNTTM, FRST_REGISTER_ID,LAST_UPDT_PNTTM, LAST_UPDUSR_ID) VALUES ('CMS', 'CMS029', '구독주기구분', '주/월구분', 'Y', SYSDATE(), 'SYSTEM', SYSDATE(), 'SYSTEM');
INSERT INTO DTC_CMMN_CODE(CL_CODE, CODE_ID, CODE_ID_NM, CODE_ID_DC, USE_AT, FRST_REGIST_PNTTM, FRST_REGISTER_ID,LAST_UPDT_PNTTM, LAST_UPDUSR_ID) VALUES ('CMS', 'CMS030', '본사정산상태구분', '본사정산상태구분', 'Y', SYSDATE(), 'SYSTEM', SYSDATE(), 'SYSTEM');
INSERT INTO DTC_CMMN_CODE(CL_CODE, CODE_ID, CODE_ID_NM, CODE_ID_DC, USE_AT, FRST_REGIST_PNTTM, FRST_REGISTER_ID,LAST_UPDT_PNTTM, LAST_UPDUSR_ID) VALUES ('CMS', 'CMS031', 'CP정산상태구분', 'CP정산상태구분', 'Y', SYSDATE(), 'SYSTEM', SYSDATE(), 'SYSTEM');
INSERT INTO DTC_CMMN_CODE(CL_CODE, CODE_ID, CODE_ID_NM, CODE_ID_DC, USE_AT, FRST_REGIST_PNTTM, FRST_REGISTER_ID,LAST_UPDT_PNTTM, LAST_UPDUSR_ID) VALUES ('CMS', 'CMS032', '배너타입코드', '배너타입코드', 'Y', SYSDATE(), 'SYSTEM', SYSDATE(), 'SYSTEM');
INSERT INTO DTC_CMMN_CODE(CL_CODE, CODE_ID, CODE_ID_NM, CODE_ID_DC, USE_AT, FRST_REGIST_PNTTM, FRST_REGISTER_ID,LAST_UPDT_PNTTM, LAST_UPDUSR_ID) VALUES ('CMS', 'CMS033', '수강권종류코드', '수강권종류코드', 'Y', SYSDATE(), 'SYSTEM', SYSDATE(), 'SYSTEM');
INSERT INTO DTC_CMMN_CODE(CL_CODE, CODE_ID, CODE_ID_NM, CODE_ID_DC, USE_AT, FRST_REGIST_PNTTM, FRST_REGISTER_ID,LAST_UPDT_PNTTM, LAST_UPDUSR_ID) VALUES ('CMS', 'CMS034', '수강권기간타입코드', '수강권기간타입코드', 'Y', SYSDATE(), 'SYSTEM', SYSDATE(), 'SYSTEM');
INSERT INTO DTC_CMMN_CODE(CL_CODE, CODE_ID, CODE_ID_NM, CODE_ID_DC, USE_AT, FRST_REGIST_PNTTM, FRST_REGISTER_ID,LAST_UPDT_PNTTM, LAST_UPDUSR_ID) VALUES ('CMS', 'CMS035', '상품노출타입코드', '상품노출타입코드', 'Y', SYSDATE(), 'SYSTEM', SYSDATE(), 'SYSTEM');

INSERT INTO DTC_CMMN_DETAIL_CODE(CODE_ID, CODE, CODE_NM, CODE_DC, USE_AT, FRST_REGIST_PNTTM, FRST_REGISTER_ID, LAST_UPDT_PNTTM, LAST_UPDUSR_ID) VALUES ('CMS001', 'USR01', '일반', '일반회원', 'Y', SYSDATE(), 'SYSTEM', SYSDATE(), 'SYSTEM');
INSERT INTO DTC_CMMN_DETAIL_CODE(CODE_ID, CODE, CODE_NM, CODE_DC, USE_AT, FRST_REGIST_PNTTM, FRST_REGISTER_ID, LAST_UPDT_PNTTM, LAST_UPDUSR_ID) VALUES ('CMS001', 'USR02', '직원', '직원', 'Y', SYSDATE(), 'SYSTEM', SYSDATE(), 'SYSTEM');
INSERT INTO DTC_CMMN_DETAIL_CODE(CODE_ID, CODE, CODE_NM, CODE_DC, USE_AT, FRST_REGIST_PNTTM, FRST_REGISTER_ID, LAST_UPDT_PNTTM, LAST_UPDUSR_ID) VALUES ('CMS001', 'USR99', '관리', '관리자', 'Y', SYSDATE(), 'SYSTEM', SYSDATE(), 'SYSTEM');
INSERT INTO DTC_CMMN_DETAIL_CODE(CODE_ID, CODE, CODE_NM, CODE_DC, USE_AT, FRST_REGIST_PNTTM, FRST_REGISTER_ID, LAST_UPDT_PNTTM, LAST_UPDUSR_ID) VALUES ('CMS002',
                                                                                                                                                        'A', '회원 가입 신청 상태', '회원 가입 신청 상태', 'Y', SYSDATE(), 'SYSTEM', SYSDATE(), 'SYSTEM');
INSERT INTO DTC_CMMN_DETAIL_CODE(CODE_ID, CODE, CODE_NM, CODE_DC, USE_AT, FRST_REGIST_PNTTM, FRST_REGISTER_ID, LAST_UPDT_PNTTM, LAST_UPDUSR_ID) VALUES ('CMS002', 'P', '회원 가입 승인 상태', '회원 가입 승인 상태', 'Y', SYSDATE(), 'SYSTEM', SYSDATE(), 'SYSTEM');
INSERT INTO DTC_CMMN_DETAIL_CODE(CODE_ID, CODE, CODE_NM, CODE_DC, USE_AT, FRST_REGIST_PNTTM, FRST_REGISTER_ID, LAST_UPDT_PNTTM, LAST_UPDUSR_ID) VALUES ('CMS002', 'D', '회원 가입 삭제 상태', '회원 가입 삭제 상태', 'Y', SYSDATE(), 'SYSTEM', SYSDATE(), 'SYSTEM');
INSERT INTO DTC_CMMN_DETAIL_CODE(CODE_ID, CODE, CODE_NM, CODE_DC, USE_AT, FRST_REGIST_PNTTM, FRST_REGISTER_ID, LAST_UPDT_PNTTM, LAST_UPDUSR_ID) VALUES ('CMS003', 'BBSTMPLT_001', '일반형', '일반형 게시판', 'Y', SYSDATE(), 'SYSTEM', SYSDATE(), 'SYSTEM');
INSERT INTO DTC_CMMN_DETAIL_CODE(CODE_ID, CODE, CODE_NM, CODE_DC, USE_AT, FRST_REGIST_PNTTM, FRST_REGISTER_ID, LAST_UPDT_PNTTM, LAST_UPDUSR_ID) VALUES ('CMS003', 'BBSTMPLT_002', '갤러리형', '갤러리형 게시판', 'Y', SYSDATE(), 'SYSTEM', SYSDATE(), 'SYSTEM');
INSERT INTO DTC_CMMN_DETAIL_CODE(CODE_ID, CODE, CODE_NM, CODE_DC, USE_AT, FRST_REGIST_PNTTM, FRST_REGISTER_ID, LAST_UPDT_PNTTM, LAST_UPDUSR_ID) VALUES ('CMS003', 'BBSTMPLT_003', '갤러리형', '갤러리형 게시판', 'Y', SYSDATE(), 'SYSTEM', SYSDATE(), 'SYSTEM');
INSERT INTO DTC_CMMN_DETAIL_CODE(CODE_ID, CODE, CODE_NM, CODE_DC, USE_AT, FRST_REGIST_PNTTM, FRST_REGISTER_ID, LAST_UPDT_PNTTM, LAST_UPDUSR_ID) VALUES ('CMS004', 'BANN001', '일반1', '일반형1', 'Y', SYSDATE(), 'SYSTEM', SYSDATE(), 'SYSTEM');
INSERT INTO DTC_CMMN_DETAIL_CODE(CODE_ID, CODE, CODE_NM, CODE_DC, USE_AT, FRST_REGIST_PNTTM, FRST_REGISTER_ID, LAST_UPDT_PNTTM, LAST_UPDUSR_ID) VALUES ('CMS004', 'BANN002', '일반2', '일반형2', 'Y', SYSDATE(), 'SYSTEM', SYSDATE(), 'SYSTEM');
INSERT INTO DTC_CMMN_DETAIL_CODE(CODE_ID, CODE, CODE_NM, CODE_DC, USE_AT, FRST_REGIST_PNTTM, FRST_REGISTER_ID, LAST_UPDT_PNTTM, LAST_UPDUSR_ID) VALUES ('CMS005', 'STDE01', '10일', '10일', 'Y', SYSDATE(), 'SYSTEM', SYSDATE(), 'SYSTEM');
INSERT INTO DTC_CMMN_DETAIL_CODE(CODE_ID, CODE, CODE_NM, CODE_DC, USE_AT, FRST_REGIST_PNTTM, FRST_REGISTER_ID, LAST_UPDT_PNTTM, LAST_UPDUSR_ID) VALUES ('CMS005', 'STDE02', '15일', '15일', 'Y', SYSDATE(), 'SYSTEM', SYSDATE(), 'SYSTEM');
INSERT INTO DTC_CMMN_DETAIL_CODE(CODE_ID, CODE, CODE_NM, CODE_DC, USE_AT, FRST_REGIST_PNTTM, FRST_REGISTER_ID, LAST_UPDT_PNTTM, LAST_UPDUSR_ID) VALUES ('CMS005', 'STDE03', '20일', '20일', 'Y', SYSDATE(), 'SYSTEM', SYSDATE(), 'SYSTEM');
INSERT INTO DTC_CMMN_DETAIL_CODE(CODE_ID, CODE, CODE_NM, CODE_DC, USE_AT, FRST_REGIST_PNTTM, FRST_REGISTER_ID, LAST_UPDT_PNTTM, LAST_UPDUSR_ID) VALUES ('CMS005', 'STDE04', '말일', '말일', 'Y', SYSDATE(), 'SYSTEM', SYSDATE(), 'SYSTEM');
INSERT INTO DTC_CMMN_DETAIL_CODE(CODE_ID, CODE, CODE_NM, CODE_DC, USE_AT, FRST_REGIST_PNTTM, FRST_REGISTER_ID, LAST_UPDT_PNTTM, LAST_UPDUSR_ID) VALUES ('CMS005', 'STDE05', '2주', '2주', 'Y', SYSDATE(), 'SYSTEM', SYSDATE(), 'SYSTEM');
INSERT INTO DTC_CMMN_DETAIL_CODE(CODE_ID, CODE, CODE_NM, CODE_DC, USE_AT, FRST_REGIST_PNTTM, FRST_REGISTER_ID, LAST_UPDT_PNTTM, LAST_UPDUSR_ID) VALUES ('CMS006', 'SP01','카테고리 수수료 정책','카테고리 수수료 정책','Y', SYSDATE(),'SYSTEM', SYSDATE(), 'SYSTEM');
INSERT INTO DTC_CMMN_DETAIL_CODE(CODE_ID, CODE, CODE_NM, CODE_DC, USE_AT, FRST_REGIST_PNTTM, FRST_REGISTER_ID, LAST_UPDT_PNTTM, LAST_UPDUSR_ID) VALUES ('CMS006', 'SP02','입점사 상품별 수수료 정책','입점사 상품별 수수료 정책','Y', SYSDATE(), 'SYSTEM', SYSDATE(), 'SYSTEM');
INSERT INTO DTC_CMMN_DETAIL_CODE(CODE_ID, CODE, CODE_NM, CODE_DC, USE_AT, FRST_REGIST_PNTTM, FRST_REGISTER_ID, LAST_UPDT_PNTTM, LAST_UPDUSR_ID) VALUES ('CMS007', 'R', '등록대기', '등록요청 및 등록대기', 'Y', SYSDATE(), 'SYSTEM', SYSDATE(), 'SYSTEM');
INSERT INTO DTC_CMMN_DETAIL_CODE(CODE_ID, CODE, CODE_NM, CODE_DC, USE_AT, FRST_REGIST_PNTTM, FRST_REGISTER_ID, LAST_UPDT_PNTTM, LAST_UPDUSR_ID) VALUES ('CMS007', 'A', '처리중', '등록접수 및 처리중', 'Y', SYSDATE(), 'SYSTEM', SYSDATE(), 'SYSTEM');
INSERT INTO DTC_CMMN_DETAIL_CODE(CODE_ID, CODE, CODE_NM, CODE_DC, USE_AT, FRST_REGIST_PNTTM, FRST_REGISTER_ID, LAST_UPDT_PNTTM, LAST_UPDUSR_ID) VALUES ('CMS007', 'C', '등록완료', '등록완료', 'Y', SYSDATE(), 'SYSTEM', SYSDATE(), 'SYSTEM');
INSERT INTO DTC_CMMN_DETAIL_CODE(CODE_ID, CODE, CODE_NM, CODE_DC, USE_AT, FRST_REGIST_PNTTM, FRST_REGISTER_ID, LAST_UPDT_PNTTM, LAST_UPDUSR_ID) VALUES ('CMS008', 'GDC', '상품설명', '상품설명', 'Y', SYSDATE(), 'SYSTEM', SYSDATE(), 'SYSTEM');
INSERT INTO DTC_CMMN_DETAIL_CODE(CODE_ID, CODE, CODE_NM, CODE_DC, USE_AT, FRST_REGIST_PNTTM, FRST_REGISTER_ID, LAST_UPDT_PNTTM, LAST_UPDUSR_ID) VALUES ('CMS008', 'DEK', 'PC', '데스크톱', 'Y', SYSDATE(), 'SYSTEM', SYSDATE(), 'SYSTEM');
INSERT INTO DTC_CMMN_DETAIL_CODE(CODE_ID, CODE, CODE_NM, CODE_DC, USE_AT, FRST_REGIST_PNTTM, FRST_REGISTER_ID, LAST_UPDT_PNTTM, LAST_UPDUSR_ID) VALUES ('CMS008', 'MOB', '모바일', '모바일', 'Y', SYSDATE(), 'SYSTEM', SYSDATE(), 'SYSTEM');
INSERT INTO DTC_CMMN_DETAIL_CODE(CODE_ID, CODE, CODE_NM, CODE_DC, USE_AT, FRST_REGIST_PNTTM, FRST_REGISTER_ID, LAST_UPDT_PNTTM, LAST_UPDUSR_ID) VALUES ('CMS008', 'BAN', '배너', '배너', 'Y', SYSDATE(), 'SYSTEM', SYSDATE(), 'SYSTEM');
INSERT INTO DTC_CMMN_DETAIL_CODE(CODE_ID, CODE, CODE_NM, CODE_DC, USE_AT, FRST_REGIST_PNTTM, FRST_REGISTER_ID, LAST_UPDT_PNTTM, LAST_UPDUSR_ID) VALUES ('CMS009', 'GNR', '일반상품', '일반상품', 'Y', SYSDATE(), 'SYSTEM', SYSDATE(), 'SYSTEM');
INSERT INTO DTC_CMMN_DETAIL_CODE(CODE_ID, CODE, CODE_NM, CODE_DC, USE_AT, FRST_REGIST_PNTTM, FRST_REGISTER_ID, LAST_UPDT_PNTTM, LAST_UPDUSR_ID) VALUES ('CMS009', 'SBS', '구독상품','구독상품', 'Y', SYSDATE(), 'SYSTEM', SYSDATE(), 'SYSTEM');
INSERT INTO DTC_CMMN_DETAIL_CODE(CODE_ID, CODE, CODE_NM, CODE_DC, USE_AT, FRST_REGIST_PNTTM, FRST_REGISTER_ID, LAST_UPDT_PNTTM, LAST_UPDUSR_ID) VALUES ('CMS009', 'CPN', '쿠폰상품','쿠폰상품', 'Y', SYSDATE(), 'SYSTEM', SYSDATE(), 'SYSTEM');
INSERT INTO DTC_CMMN_DETAIL_CODE(CODE_ID, CODE, CODE_NM, CODE_DC, USE_AT, FRST_REGIST_PNTTM, FRST_REGISTER_ID, LAST_UPDT_PNTTM, LAST_UPDUSR_ID) VALUES ('CMS010', 'TA01', '과세', '과세', 'Y', SYSDATE(), 'SYSTEM', SYSDATE(), 'SYSTEM');
INSERT INTO DTC_CMMN_DETAIL_CODE(CODE_ID, CODE, CODE_NM, CODE_DC, USE_AT, FRST_REGIST_PNTTM, FRST_REGISTER_ID, LAST_UPDT_PNTTM, LAST_UPDUSR_ID) VALUES ('CMS010', 'TA02', '면세', '면세', 'Y', SYSDATE(), 'SYSTEM', SYSDATE(), 'SYSTEM');
INSERT INTO DTC_CMMN_DETAIL_CODE(CODE_ID, CODE, CODE_NM, CODE_DC, USE_AT, FRST_REGIST_PNTTM, FRST_REGISTER_ID, LAST_UPDT_PNTTM, LAST_UPDUSR_ID) VALUES ('CMS011', 'DS01', '선불', '선불', 'Y', SYSDATE(), 'SYSTEM', SYSDATE(), 'SYSTEM');
INSERT INTO DTC_CMMN_DETAIL_CODE(CODE_ID, CODE, CODE_NM, CODE_DC, USE_AT, FRST_REGIST_PNTTM, FRST_REGISTER_ID, LAST_UPDT_PNTTM, LAST_UPDUSR_ID) VALUES ('CMS011', 'DS02', '착불', '착불', 'Y', SYSDATE(), 'SYSTEM', SYSDATE(), 'SYSTEM');
INSERT INTO DTC_CMMN_DETAIL_CODE(CODE_ID, CODE, CODE_NM, CODE_DC, USE_AT, FRST_REGIST_PNTTM, FRST_REGISTER_ID, LAST_UPDT_PNTTM, LAST_UPDUSR_ID) VALUES ('CMS011', 'DS03', '무료', '무료', 'Y', SYSDATE(), 'SYSTEM', SYSDATE(), 'SYSTEM');
INSERT INTO DTC_CMMN_DETAIL_CODE(CODE_ID, CODE, CODE_NM, CODE_DC, USE_AT, FRST_REGIST_PNTTM, FRST_REGISTER_ID, LAST_UPDT_PNTTM, LAST_UPDUSR_ID) VALUES ('CMS012', '1', '1달', '1달주기', 'Y', SYSDATE(), 'SYSTEM', SYSDATE(), 'SYSTEM');
INSERT INTO DTC_CMMN_DETAIL_CODE(CODE_ID, CODE, CODE_NM, CODE_DC, USE_AT, FRST_REGIST_PNTTM, FRST_REGISTER_ID, LAST_UPDT_PNTTM, LAST_UPDUSR_ID) VALUES ('CMS012', '2', '2달', '2달주기', 'Y', SYSDATE(), 'SYSTEM', SYSDATE(), 'SYSTEM');
INSERT INTO DTC_CMMN_DETAIL_CODE(CODE_ID, CODE, CODE_NM, CODE_DC, USE_AT, FRST_REGIST_PNTTM, FRST_REGISTER_ID, LAST_UPDT_PNTTM, LAST_UPDUSR_ID) VALUES ('CMS012', '3', '3달', '3달주기', 'Y', SYSDATE(), 'SYSTEM', SYSDATE(), 'SYSTEM');
INSERT INTO DTC_CMMN_DETAIL_CODE(CODE_ID, CODE, CODE_NM, CODE_DC, USE_AT, FRST_REGIST_PNTTM, FRST_REGISTER_ID, LAST_UPDT_PNTTM, LAST_UPDUSR_ID) VALUES ('CMS012', '4', '4달', '4달주기', 'Y', SYSDATE(), 'SYSTEM', SYSDATE(), 'SYSTEM');
INSERT INTO DTC_CMMN_DETAIL_CODE(CODE_ID, CODE, CODE_NM, CODE_DC, USE_AT, FRST_REGIST_PNTTM, FRST_REGISTER_ID, LAST_UPDT_PNTTM, LAST_UPDUSR_ID) VALUES ('CMS013', 'R', '대기', '대기', 'Y', SYSDATE(), 'SYSTEM', SYSDATE(), 'SYSTEM');
INSERT INTO DTC_CMMN_DETAIL_CODE(CODE_ID, CODE, CODE_NM, CODE_DC, USE_AT, FRST_REGIST_PNTTM, FRST_REGISTER_ID, LAST_UPDT_PNTTM, LAST_UPDUSR_ID) VALUES ('CMS013', 'C', '완료', '완료', 'Y', SYSDATE(), 'SYSTEM', SYSDATE(), 'SYSTEM');
INSERT INTO DTC_CMMN_DETAIL_CODE(CODE_ID, CODE, CODE_NM, CODE_DC, USE_AT, FRST_REGIST_PNTTM, FRST_REGISTER_ID, LAST_UPDT_PNTTM, LAST_UPDUSR_ID) VALUES ('CMS013', 'E', '종료', '종료', 'Y', SYSDATE(), 'SYSTEM', SYSDATE(), 'SYSTEM');
INSERT INTO DTC_CMMN_DETAIL_CODE(CODE_ID, CODE, CODE_NM, CODE_DC, USE_AT, FRST_REGIST_PNTTM, FRST_REGISTER_ID, LAST_UPDT_PNTTM, LAST_UPDUSR_ID) VALUES ('CMS014', 'T', '재고있음', '재고있음(TRUE)', 'Y', SYSDATE(), 'SYSTEM', SYSDATE(), 'SYSTEM');
INSERT INTO DTC_CMMN_DETAIL_CODE(CODE_ID, CODE, CODE_NM, CODE_DC, USE_AT, FRST_REGIST_PNTTM, FRST_REGISTER_ID, LAST_UPDT_PNTTM, LAST_UPDUSR_ID) VALUES ('CMS014', 'F', '재고없음', '재고있음(FALSE)', 'Y', SYSDATE(), 'SYSTEM', SYSDATE(), 'SYSTEM');
INSERT INTO DTC_CMMN_DETAIL_CODE(CODE_ID, CODE, CODE_NM, CODE_DC, USE_AT, FRST_REGIST_PNTTM, FRST_REGISTER_ID, LAST_UPDT_PNTTM, LAST_UPDUSR_ID) VALUES ('CMS014', 'X', '비활성', '비활성', 'Y', SYSDATE(), 'SYSTEM', SYSDATE(), 'SYSTEM');
INSERT INTO DTC_CMMN_DETAIL_CODE(CODE_ID, CODE, CODE_NM, CODE_DC, USE_AT, FRST_REGIST_PNTTM, FRST_REGISTER_ID, LAST_UPDT_PNTTM, LAST_UPDUSR_ID) VALUES ('CMS015', 'R', '답변대기', '답변대기', 'Y', SYSDATE(), 'SYSTEM', SYSDATE(), 'SYSTEM');
INSERT INTO DTC_CMMN_DETAIL_CODE(CODE_ID, CODE, CODE_NM, CODE_DC, USE_AT, FRST_REGIST_PNTTM, FRST_REGISTER_ID, LAST_UPDT_PNTTM, LAST_UPDUSR_ID) VALUES ('CMS015', 'C', '답변완료', '답변완료', 'Y', SYSDATE(), 'SYSTEM', SYSDATE(), 'SYSTEM');
INSERT INTO DTC_CMMN_DETAIL_CODE(CODE_ID, CODE, CODE_NM, CODE_DC, USE_AT, FRST_REGIST_PNTTM, FRST_REGISTER_ID, LAST_UPDT_PNTTM, LAST_UPDUSR_ID) VALUES ('CMS016', 'BBS', '게시판댓글', '게시판댓글', 'Y', SYSDATE(), 'SYSTEM', SYSDATE(), 'SYSTEM');
INSERT INTO DTC_CMMN_DETAIL_CODE(CODE_ID, CODE, CODE_NM, CODE_DC, USE_AT, FRST_REGIST_PNTTM, FRST_REGISTER_ID, LAST_UPDT_PNTTM, LAST_UPDUSR_ID) VALUES ('CMS016', 'GOODS', '상품리뷰', '상품리뷰', 'Y', SYSDATE(), 'SYSTEM', SYSDATE(), 'SYSTEM');
INSERT INTO DTC_CMMN_DETAIL_CODE(CODE_ID, CODE, CODE_NM, CODE_DC, USE_AT, FRST_REGIST_PNTTM, FRST_REGISTER_ID, LAST_UPDT_PNTTM, LAST_UPDUSR_ID) VALUES ('CMS017', 'SITE', '사이트공통', '사이트공통', 'Y', SYSDATE(), 'SYSTEM', SYSDATE(), 'SYSTEM');
INSERT INTO DTC_CMMN_DETAIL_CODE(CODE_ID, CODE, CODE_NM, CODE_DC, USE_AT, FRST_REGIST_PNTTM, FRST_REGISTER_ID, LAST_UPDT_PNTTM, LAST_UPDUSR_ID) VALUES ('CMS017', 'GOODS', '상품질답', '상품질답', 'Y', SYSDATE(), 'SYSTEM', SYSDATE(), 'SYSTEM');
INSERT INTO DTC_CMMN_DETAIL_CODE(CODE_ID, CODE, CODE_NM, CODE_DC, USE_AT, FRST_REGIST_PNTTM, FRST_REGISTER_ID, LAST_UPDT_PNTTM, LAST_UPDUSR_ID) VALUES ('CMS018', 'QT001', '상품정보', '상품정보', 'Y', SYSDATE(), 'SYSTEM', SYSDATE(), 'SYSTEM');
INSERT INTO DTC_CMMN_DETAIL_CODE(CODE_ID, CODE, CODE_NM, CODE_DC, USE_AT, FRST_REGIST_PNTTM, FRST_REGISTER_ID, LAST_UPDT_PNTTM, LAST_UPDUSR_ID) VALUES ('CMS018', 'QT002', '구성품', '구성품', 'Y', SYSDATE(), 'SYSTEM', SYSDATE(), 'SYSTEM');
INSERT INTO DTC_CMMN_DETAIL_CODE(CODE_ID, CODE, CODE_NM, CODE_DC, USE_AT, FRST_REGIST_PNTTM, FRST_REGISTER_ID, LAST_UPDT_PNTTM, LAST_UPDUSR_ID) VALUES ('CMS018', 'QT003', '사이즈 및 색상', '사이즈 및 색상', 'Y', SYSDATE(), 'SYSTEM', SYSDATE(), 'SYSTEM');
INSERT INTO DTC_CMMN_DETAIL_CODE(CODE_ID, CODE, CODE_NM, CODE_DC, USE_AT, FRST_REGIST_PNTTM, FRST_REGISTER_ID, LAST_UPDT_PNTTM, LAST_UPDUSR_ID) VALUES ('CMS018', 'QT999', '기타', '기타', 'Y', SYSDATE(), 'SYSTEM', SYSDATE(), 'SYSTEM');
INSERT INTO DTC_CMMN_DETAIL_CODE(CODE_ID, CODE, CODE_NM, CODE_DC, USE_AT, FRST_REGIST_PNTTM, FRST_REGISTER_ID, LAST_UPDT_PNTTM, LAST_UPDUSR_ID) VALUES ('CMS019', 'QTS001', '주문/결제', '주문/결제', 'Y', SYSDATE(), 'SYSTEM', SYSDATE(), 'SYSTEM');
INSERT INTO DTC_CMMN_DETAIL_CODE(CODE_ID, CODE, CODE_NM, CODE_DC, USE_AT, FRST_REGIST_PNTTM, FRST_REGISTER_ID, LAST_UPDT_PNTTM, LAST_UPDUSR_ID) VALUES ('CMS019', 'QTS002', '취소/교환/반품', '취소/교환/반품', 'Y', SYSDATE(), 'SYSTEM', SYSDATE(), 'SYSTEM');
INSERT INTO DTC_CMMN_DETAIL_CODE(CODE_ID, CODE, CODE_NM, CODE_DC, USE_AT, FRST_REGIST_PNTTM, FRST_REGISTER_ID, LAST_UPDT_PNTTM, LAST_UPDUSR_ID) VALUES ('CMS019', 'QTS003', '배송문의', '배송문의', 'Y', SYSDATE(), 'SYSTEM', SYSDATE(), 'SYSTEM');
INSERT INTO DTC_CMMN_DETAIL_CODE(CODE_ID, CODE, CODE_NM, CODE_DC, USE_AT, FRST_REGIST_PNTTM, FRST_REGISTER_ID, LAST_UPDT_PNTTM, LAST_UPDUSR_ID) VALUES ('CMS019', 'QTS004', '이벤트/프로모션', '이벤트/프로모션', 'Y', SYSDATE(), 'SYSTEM', SYSDATE(), 'SYSTEM');
INSERT INTO DTC_CMMN_DETAIL_CODE(CODE_ID, CODE, CODE_NM, CODE_DC, USE_AT, FRST_REGIST_PNTTM, FRST_REGISTER_ID, LAST_UPDT_PNTTM, LAST_UPDUSR_ID) VALUES ('CMS019', 'QTS005', '사이트이용/오류/개선', '사이트이용/오류/개선', 'Y', SYSDATE(), 'SYSTEM', SYSDATE(), 'SYSTEM');
INSERT INTO DTC_CMMN_DETAIL_CODE(CODE_ID, CODE, CODE_NM, CODE_DC, USE_AT, FRST_REGIST_PNTTM, FRST_REGISTER_ID, LAST_UPDT_PNTTM, LAST_UPDUSR_ID) VALUES ('CMS019', 'QTS006', '모두의구독 서비스 이용관련', '모두의구독 서비스 이용관련', 'Y', SYSDATE(), 'SYSTEM', SYSDATE(), 'SYSTEM');
INSERT INTO DTC_CMMN_DETAIL_CODE(CODE_ID, CODE, CODE_NM, CODE_DC, USE_AT, FRST_REGIST_PNTTM, FRST_REGISTER_ID, LAST_UPDT_PNTTM, LAST_UPDUSR_ID) VALUES ('CMS019', 'QTS999', '기타', '기타', 'Y', SYSDATE(), 'SYSTEM', SYSDATE(), 'SYSTEM');
INSERT INTO DTC_CMMN_DETAIL_CODE(CODE_ID, CODE, CODE_NM, CODE_DC, USE_AT, FRST_REGIST_PNTTM, FRST_REGISTER_ID, LAST_UPDT_PNTTM, LAST_UPDUSR_ID) VALUES ('CMS020', 'FT001', '주문', '주문', 'Y', SYSDATE(), 'SYSTEM', SYSDATE(), 'SYSTEM');
INSERT INTO DTC_CMMN_DETAIL_CODE(CODE_ID, CODE, CODE_NM, CODE_DC, USE_AT, FRST_REGIST_PNTTM, FRST_REGISTER_ID, LAST_UPDT_PNTTM, LAST_UPDUSR_ID) VALUES ('CMS020', 'FT002', '취소', '취소', 'Y', SYSDATE(), 'SYSTEM', SYSDATE(), 'SYSTEM');
INSERT INTO DTC_CMMN_DETAIL_CODE(CODE_ID, CODE, CODE_NM, CODE_DC, USE_AT, FRST_REGIST_PNTTM, FRST_REGISTER_ID, LAST_UPDT_PNTTM, LAST_UPDUSR_ID) VALUES ('CMS020', 'FT003', '결제', '결제', 'Y', SYSDATE(), 'SYSTEM', SYSDATE(), 'SYSTEM');
INSERT INTO DTC_CMMN_DETAIL_CODE(CODE_ID, CODE, CODE_NM, CODE_DC, USE_AT, FRST_REGIST_PNTTM, FRST_REGISTER_ID, LAST_UPDT_PNTTM, LAST_UPDUSR_ID) VALUES ('CMS020', 'FT004', '배송문의', '배송문의', 'Y', SYSDATE(), 'SYSTEM', SYSDATE(), 'SYSTEM');
INSERT INTO DTC_CMMN_DETAIL_CODE(CODE_ID, CODE, CODE_NM, CODE_DC, USE_AT, FRST_REGIST_PNTTM, FRST_REGISTER_ID, LAST_UPDT_PNTTM, LAST_UPDUSR_ID) VALUES ('CMS020', 'FT005', '교환', '교환', 'Y', SYSDATE(), 'SYSTEM', SYSDATE(), 'SYSTEM');
INSERT INTO DTC_CMMN_DETAIL_CODE(CODE_ID, CODE, CODE_NM, CODE_DC, USE_AT, FRST_REGIST_PNTTM, FRST_REGISTER_ID, LAST_UPDT_PNTTM, LAST_UPDUSR_ID) VALUES ('CMS020', 'FT006', '환불', '환불', 'Y', SYSDATE(), 'SYSTEM', SYSDATE(), 'SYSTEM');
INSERT INTO DTC_CMMN_DETAIL_CODE(CODE_ID, CODE, CODE_NM, CODE_DC, USE_AT, FRST_REGIST_PNTTM, FRST_REGISTER_ID, LAST_UPDT_PNTTM, LAST_UPDUSR_ID) VALUES ('CMS020', 'FT007', '시스템오류', '시스템오류', 'Y', SYSDATE(), 'SYSTEM', SYSDATE(), 'SYSTEM');
INSERT INTO DTC_CMMN_DETAIL_CODE(CODE_ID, CODE, CODE_NM, CODE_DC, USE_AT, FRST_REGIST_PNTTM, FRST_REGISTER_ID, LAST_UPDT_PNTTM, LAST_UPDUSR_ID) VALUES ('CMS020', 'FT999', '기타사항', '기타사항', 'Y', SYSDATE(), 'SYSTEM', SYSDATE(), 'SYSTEM');
INSERT INTO DTC_CMMN_DETAIL_CODE(CODE_ID, CODE, CODE_NM, CODE_DC, USE_AT, FRST_REGIST_PNTTM, FRST_REGISTER_ID, LAST_UPDT_PNTTM, LAST_UPDUSR_ID) VALUES ('CMS021', 'ST01', '구독해지요청', '접수중', 'Y', SYSDATE(), 'SYSTEM', SYSDATE(), 'SYSTEM');
INSERT INTO DTC_CMMN_DETAIL_CODE(CODE_ID, CODE, CODE_NM, CODE_DC, USE_AT, FRST_REGIST_PNTTM, FRST_REGISTER_ID, LAST_UPDT_PNTTM, LAST_UPDUSR_ID) VALUES ('CMS021', 'ST02', '구독중', '구독중', 'Y', SYSDATE(), 'SYSTEM', SYSDATE(), 'SYSTEM');
INSERT INTO DTC_CMMN_DETAIL_CODE(CODE_ID, CODE, CODE_NM, CODE_DC, USE_AT, FRST_REGIST_PNTTM, FRST_REGISTER_ID, LAST_UPDT_PNTTM, LAST_UPDUSR_ID) VALUES ('CMS021', 'ST03', '구독일시정지', '구독일시정지', 'Y', SYSDATE(), 'SYSTEM', SYSDATE(), 'SYSTEM');
INSERT INTO DTC_CMMN_DETAIL_CODE(CODE_ID, CODE, CODE_NM, CODE_DC, USE_AT, FRST_REGIST_PNTTM, FRST_REGISTER_ID, LAST_UPDT_PNTTM, LAST_UPDUSR_ID) VALUES ('CMS021', 'ST04', '구독해지', '구독해지', 'Y', SYSDATE(), 'SYSTEM', SYSDATE(), 'SYSTEM');
INSERT INTO DTC_CMMN_DETAIL_CODE(CODE_ID, CODE, CODE_NM, CODE_DC, USE_AT, FRST_REGIST_PNTTM, FRST_REGISTER_ID, LAST_UPDT_PNTTM, LAST_UPDUSR_ID) VALUES ('CMS021', 'ST99', '구독취소', '구독취소', 'Y', SYSDATE(), 'SYSTEM', SYSDATE(), 'SYSTEM');
INSERT INTO DTC_CMMN_DETAIL_CODE(CODE_ID, CODE, CODE_NM, CODE_DC, USE_AT, FRST_REGIST_PNTTM, FRST_REGISTER_ID, LAST_UPDT_PNTTM, LAST_UPDUSR_ID) VALUES ('CMS021', 'ST100', '주문대기', '주문대기', 'Y', SYSDATE(), 'SYSTEM', SYSDATE(), 'SYSTEM');
INSERT INTO DTC_CMMN_DETAIL_CODE(CODE_ID, CODE, CODE_NM, CODE_DC, USE_AT, FRST_REGIST_PNTTM, FRST_REGISTER_ID, LAST_UPDT_PNTTM, LAST_UPDUSR_ID) VALUES ('CMS022', 'DLVY00', '상품준비중', '상품준비중', 'Y', SYSDATE(), 'SYSTEM', SYSDATE(), 'SYSTEM');
INSERT INTO DTC_CMMN_DETAIL_CODE(CODE_ID, CODE, CODE_NM, CODE_DC, USE_AT, FRST_REGIST_PNTTM, FRST_REGISTER_ID, LAST_UPDT_PNTTM, LAST_UPDUSR_ID) VALUES ('CMS022', 'DLVY01', '배송준비중', '배송준비중', 'Y', SYSDATE(), 'SYSTEM', SYSDATE(), 'SYSTEM');
INSERT INTO DTC_CMMN_DETAIL_CODE(CODE_ID, CODE, CODE_NM, CODE_DC, USE_AT, FRST_REGIST_PNTTM, FRST_REGISTER_ID, LAST_UPDT_PNTTM, LAST_UPDUSR_ID) VALUES ('CMS022', 'DLVY02', '배송중', '배송중', 'Y', SYSDATE(), 'SYSTEM', SYSDATE(), 'SYSTEM');
INSERT INTO DTC_CMMN_DETAIL_CODE(CODE_ID, CODE, CODE_NM, CODE_DC, USE_AT, FRST_REGIST_PNTTM, FRST_REGISTER_ID, LAST_UPDT_PNTTM, LAST_UPDUSR_ID) VALUES ('CMS022', 'DLVY03', '배송완료', '배송완료', 'Y', SYSDATE(), 'SYSTEM', SYSDATE(), 'SYSTEM');
INSERT INTO DTC_CMMN_DETAIL_CODE(CODE_ID, CODE, CODE_NM, CODE_DC, USE_AT, FRST_REGIST_PNTTM, FRST_REGISTER_ID, LAST_UPDT_PNTTM, LAST_UPDUSR_ID) VALUES ('CMS022', 'DLVY99', '기타', '기타', 'Y', SYSDATE(), 'SYSTEM', SYSDATE(), 'SYSTEM');
INSERT INTO DTC_CMMN_DETAIL_CODE(CODE_ID, CODE, CODE_NM, CODE_DC, USE_AT, FRST_REGIST_PNTTM, FRST_REGISTER_ID, LAST_UPDT_PNTTM, LAST_UPDUSR_ID) VALUES ('CMS023', '1', '일', '일요일', 'Y', SYSDATE(), 'SYSTEM', SYSDATE(), 'SYSTEM');
INSERT INTO DTC_CMMN_DETAIL_CODE(CODE_ID, CODE, CODE_NM, CODE_DC, USE_AT, FRST_REGIST_PNTTM, FRST_REGISTER_ID, LAST_UPDT_PNTTM, LAST_UPDUSR_ID) VALUES ('CMS023', '2', '월', '월요일', 'Y', SYSDATE(), 'SYSTEM', SYSDATE(), 'SYSTEM');
INSERT INTO DTC_CMMN_DETAIL_CODE(CODE_ID, CODE, CODE_NM, CODE_DC, USE_AT, FRST_REGIST_PNTTM, FRST_REGISTER_ID, LAST_UPDT_PNTTM, LAST_UPDUSR_ID) VALUES ('CMS023', '3', '화', '화요일', 'Y', SYSDATE(), 'SYSTEM', SYSDATE(), 'SYSTEM');
INSERT INTO DTC_CMMN_DETAIL_CODE(CODE_ID, CODE, CODE_NM, CODE_DC, USE_AT, FRST_REGIST_PNTTM, FRST_REGISTER_ID, LAST_UPDT_PNTTM, LAST_UPDUSR_ID) VALUES ('CMS023', '4', '수', '수요일', 'Y', SYSDATE(), 'SYSTEM', SYSDATE(), 'SYSTEM');
INSERT INTO DTC_CMMN_DETAIL_CODE(CODE_ID, CODE, CODE_NM, CODE_DC, USE_AT, FRST_REGIST_PNTTM, FRST_REGISTER_ID, LAST_UPDT_PNTTM, LAST_UPDUSR_ID) VALUES ('CMS023', '5', '목', '목요일', 'Y', SYSDATE(), 'SYSTEM', SYSDATE(), 'SYSTEM');
INSERT INTO DTC_CMMN_DETAIL_CODE(CODE_ID, CODE, CODE_NM, CODE_DC, USE_AT, FRST_REGIST_PNTTM, FRST_REGISTER_ID, LAST_UPDT_PNTTM, LAST_UPDUSR_ID) VALUES ('CMS023', '6', '금', '금요일', 'Y', SYSDATE(), 'SYSTEM', SYSDATE(), 'SYSTEM');
INSERT INTO DTC_CMMN_DETAIL_CODE(CODE_ID, CODE, CODE_NM, CODE_DC, USE_AT, FRST_REGIST_PNTTM, FRST_REGISTER_ID, LAST_UPDT_PNTTM, LAST_UPDUSR_ID) VALUES ('CMS023', '7', '토', '토요일', 'Y', SYSDATE(), 'SYSTEM', SYSDATE(), 'SYSTEM');
INSERT INTO DTC_CMMN_DETAIL_CODE(CODE_ID, CODE, CODE_NM, CODE_DC, USE_AT, FRST_REGIST_PNTTM, FRST_REGISTER_ID, LAST_UPDT_PNTTM, LAST_UPDUSR_ID) VALUES ('CMS024', 'A', '추가옵션', '추가옵션', 'Y', SYSDATE(), 'SYSTEM', SYSDATE(), 'SYSTEM');
INSERT INTO DTC_CMMN_DETAIL_CODE(CODE_ID, CODE, CODE_NM, CODE_DC, USE_AT, FRST_REGIST_PNTTM, FRST_REGISTER_ID, LAST_UPDT_PNTTM, LAST_UPDUSR_ID) VALUES ('CMS024', 'F', '첫구독옵션', '첫구독옵션', 'Y', SYSDATE(), 'SYSTEM', SYSDATE(), 'SYSTEM');
INSERT INTO DTC_CMMN_DETAIL_CODE(CODE_ID, CODE, CODE_NM, CODE_DC, USE_AT, FRST_REGIST_PNTTM, FRST_REGISTER_ID, LAST_UPDT_PNTTM, LAST_UPDUSR_ID) VALUES ('CMS024', 'Q', '질답옵션', '질답옵션', 'Y', SYSDATE(), 'SYSTEM', SYSDATE(), 'SYSTEM');
INSERT INTO DTC_CMMN_DETAIL_CODE(CODE_ID, CODE, CODE_NM, CODE_DC, USE_AT, FRST_REGIST_PNTTM, FRST_REGISTER_ID, LAST_UPDT_PNTTM, LAST_UPDUSR_ID) VALUES ('CMS025', 'R000', '결제성공', '결제성공', 'Y', SYSDATE(), 'SYSTEM', SYSDATE(), 'SYSTEM');
INSERT INTO DTC_CMMN_DETAIL_CODE(CODE_ID, CODE, CODE_NM, CODE_DC, USE_AT, FRST_REGIST_PNTTM, FRST_REGISTER_ID, LAST_UPDT_PNTTM, LAST_UPDUSR_ID) VALUES ('CMS025', 'R999', '구독중지로 인해 결제하지 않음', '구독중지로 인해 결제하지 않음', 'Y', SYSDATE(), 'SYSTEM', SYSDATE(), 'SYSTEM');
INSERT INTO DTC_CMMN_DETAIL_CODE(CODE_ID, CODE, CODE_NM, CODE_DC, USE_AT, FRST_REGIST_PNTTM, FRST_REGISTER_ID, LAST_UPDT_PNTTM, LAST_UPDUSR_ID) VALUES ('CMS025', 'R001', '이니시스 빌링 승인 API - 요청 결과 오류', '이니시스 빌링 승인 API - 요청 결과 오류', 'Y', SYSDATE(), 'SYSTEM', SYSDATE(), 'SYSTEM');
INSERT INTO DTC_CMMN_DETAIL_CODE(CODE_ID, CODE, CODE_NM, CODE_DC, USE_AT, FRST_REGIST_PNTTM, FRST_REGISTER_ID, LAST_UPDT_PNTTM, LAST_UPDUSR_ID) VALUES ('CMS025', 'R002', '이니시스 빌링 승인 API - HTTP 통신 오류', '이니시스 빌링 승인 API - HTTP 통신 오류', 'Y', SYSDATE(), 'SYSTEM', SYSDATE(), 'SYSTEM');
INSERT INTO DTC_CMMN_DETAIL_CODE(CODE_ID, CODE, CODE_NM, CODE_DC, USE_AT, FRST_REGIST_PNTTM, FRST_REGISTER_ID, LAST_UPDT_PNTTM, LAST_UPDUSR_ID) VALUES ('CMS025', 'R003', '이니시스 빌링 승인 API - 기타 오류', '이니시스 빌링 승인 API - 기타 오류', 'Y', SYSDATE(), 'SYSTEM', SYSDATE(), 'SYSTEM');
INSERT INTO DTC_CMMN_DETAIL_CODE(CODE_ID, CODE, CODE_NM, CODE_DC, USE_AT, FRST_REGIST_PNTTM, FRST_REGISTER_ID, LAST_UPDT_PNTTM, LAST_UPDUSR_ID) VALUES ('CMS025', 'R010', '이지웰 UserKey 가 유효하지 않음', '이지웰 UserKey 가 유효하지 않음', 'Y', SYSDATE(), 'SYSTEM', SYSDATE(), 'SYSTEM');
INSERT INTO DTC_CMMN_DETAIL_CODE(CODE_ID, CODE, CODE_NM, CODE_DC, USE_AT, FRST_REGIST_PNTTM, FRST_REGISTER_ID, LAST_UPDT_PNTTM, LAST_UPDUSR_ID) VALUES ('CMS025', 'R014', '이지웰 선차감 API - HTTP 통신 오류', '이지웰 선차감 API - HTTP 통신 오류', 'Y', SYSDATE(), 'SYSTEM', SYSDATE(), 'SYSTEM');
INSERT INTO DTC_CMMN_DETAIL_CODE(CODE_ID, CODE, CODE_NM, CODE_DC, USE_AT, FRST_REGIST_PNTTM, FRST_REGISTER_ID, LAST_UPDT_PNTTM, LAST_UPDUSR_ID) VALUES ('CMS025', 'R015', '이지웰 선차감 API - 기타 오류', '이지웰 선차감 API - 기타 오류', 'Y', SYSDATE(), 'SYSTEM', SYSDATE(), 'SYSTEM');
INSERT INTO DTC_CMMN_DETAIL_CODE(CODE_ID, CODE, CODE_NM, CODE_DC, USE_AT, FRST_REGIST_PNTTM, FRST_REGISTER_ID, LAST_UPDT_PNTTM, LAST_UPDUSR_ID) VALUES ('CMS025', 'R016', '이지웰 선차감 API - 주문번호 생성되지 않음', '이지웰 선차감 API - 주문번호 생성되지 않음', 'Y', SYSDATE(), 'SYSTEM', SYSDATE(), 'SYSTEM');
INSERT INTO DTC_CMMN_DETAIL_CODE(CODE_ID, CODE, CODE_NM, CODE_DC, USE_AT, FRST_REGIST_PNTTM, FRST_REGISTER_ID, LAST_UPDT_PNTTM, LAST_UPDUSR_ID) VALUES ('CMS025', 'R017', '이지웰 선차감 API - 요청 결과 오류', '이지웰 선차감 API - 요청 결과 오류', 'Y', SYSDATE(), 'SYSTEM', SYSDATE(), 'SYSTEM');
INSERT INTO DTC_CMMN_DETAIL_CODE(CODE_ID, CODE, CODE_NM, CODE_DC, USE_AT, FRST_REGIST_PNTTM, FRST_REGISTER_ID, LAST_UPDT_PNTTM, LAST_UPDUSR_ID) VALUES ('CMS025', 'R018', '이지웰 주문확정 API - HTTP 통신 오류', '이지웰 주문확정 API - HTTP 통신 오류', 'Y', SYSDATE(), 'SYSTEM', SYSDATE(), 'SYSTEM');
INSERT INTO DTC_CMMN_DETAIL_CODE(CODE_ID, CODE, CODE_NM, CODE_DC, USE_AT, FRST_REGIST_PNTTM, FRST_REGISTER_ID, LAST_UPDT_PNTTM, LAST_UPDUSR_ID) VALUES ('CMS025', 'R019', '이지웰 주문확정 API - 요청 결과 오류', '이지웰 주문확정 API - 요청 결과 오류', 'Y', SYSDATE(), 'SYSTEM', SYSDATE(), 'SYSTEM');
INSERT INTO DTC_CMMN_DETAIL_CODE(CODE_ID, CODE, CODE_NM, CODE_DC, USE_AT, FRST_REGIST_PNTTM, FRST_REGISTER_ID, LAST_UPDT_PNTTM, LAST_UPDUSR_ID) VALUES ('CMS026', 'R', '결제대기', '결제대기', 'Y', SYSDATE(), 'SYSTEM', SYSDATE(), 'SYSTEM');
INSERT INTO DTC_CMMN_DETAIL_CODE(CODE_ID, CODE, CODE_NM, CODE_DC, USE_AT, FRST_REGIST_PNTTM, FRST_REGISTER_ID, LAST_UPDT_PNTTM, LAST_UPDUSR_ID) VALUES ('CMS026', 'S', '결제완료', '결제완료', 'Y', SYSDATE(), 'SYSTEM', SYSDATE(), 'SYSTEM');
INSERT INTO DTC_CMMN_DETAIL_CODE(CODE_ID, CODE, CODE_NM, CODE_DC, USE_AT, FRST_REGIST_PNTTM, FRST_REGISTER_ID, LAST_UPDT_PNTTM, LAST_UPDUSR_ID) VALUES ('CMS026', 'F', '결제실패', '결제실패', 'Y', SYSDATE(), 'SYSTEM', SYSDATE(), 'SYSTEM');
INSERT INTO DTC_CMMN_DETAIL_CODE(CODE_ID, CODE, CODE_NM, CODE_DC, USE_AT, FRST_REGIST_PNTTM, FRST_REGISTER_ID, LAST_UPDT_PNTTM, LAST_UPDUSR_ID) VALUES ('CMS026', 'P', '일시중지', '일시중지', 'Y', SYSDATE(), 'SYSTEM', SYSDATE(), 'SYSTEM');
INSERT INTO DTC_CMMN_DETAIL_CODE(CODE_ID, CODE, CODE_NM, CODE_DC, USE_AT, FRST_REGIST_PNTTM, FRST_REGISTER_ID, LAST_UPDT_PNTTM, LAST_UPDUSR_ID) VALUES ('CMS026', 'C', '주문취소', '주문취소', 'Y', SYSDATE(), 'SYSTEM', SYSDATE(), 'SYSTEM');
INSERT INTO DTC_CMMN_DETAIL_CODE(CODE_ID, CODE, CODE_NM, CODE_DC, USE_AT, FRST_REGIST_PNTTM, FRST_REGISTER_ID, LAST_UPDT_PNTTM, LAST_UPDUSR_ID) VALUES ('CMS026', 'T', '구독해지', '구독해지', 'Y', SYSDATE(), 'SYSTEM', SYSDATE(), 'SYSTEM');
INSERT INTO DTC_CMMN_DETAIL_CODE(CODE_ID, CODE, CODE_NM, CODE_DC, USE_AT, FRST_REGIST_PNTTM, FRST_REGISTER_ID, LAST_UPDT_PNTTM, LAST_UPDUSR_ID) VALUES ('CMS027', 'C01', '주문취소접수', '주문취소접수', 'Y', SYSDATE(), 'SYSTEM', SYSDATE(), 'SYSTEM');
INSERT INTO DTC_CMMN_DETAIL_CODE(CODE_ID, CODE, CODE_NM, CODE_DC, USE_AT, FRST_REGIST_PNTTM, FRST_REGISTER_ID, LAST_UPDT_PNTTM, LAST_UPDUSR_ID) VALUES ('CMS027', 'C02', '주문취소승인', '주문취소승인', 'Y', SYSDATE(), 'SYSTEM', SYSDATE(), 'SYSTEM');
INSERT INTO DTC_CMMN_DETAIL_CODE(CODE_ID, CODE, CODE_NM, CODE_DC, USE_AT, FRST_REGIST_PNTTM, FRST_REGISTER_ID, LAST_UPDT_PNTTM, LAST_UPDUSR_ID) VALUES ('CMS027', 'C03', '주문취소반려', '주문취소반려', 'Y', SYSDATE(), 'SYSTEM', SYSDATE(), 'SYSTEM');
INSERT INTO DTC_CMMN_DETAIL_CODE(CODE_ID, CODE, CODE_NM, CODE_DC, USE_AT, FRST_REGIST_PNTTM, FRST_REGISTER_ID, LAST_UPDT_PNTTM, LAST_UPDUSR_ID) VALUES ('CMS027', 'C04', '주문취소완료', '주문취소완료', 'Y', SYSDATE(), 'SYSTEM', SYSDATE(), 'SYSTEM');
INSERT INTO DTC_CMMN_DETAIL_CODE(CODE_ID, CODE, CODE_NM, CODE_DC, USE_AT, FRST_REGIST_PNTTM, FRST_REGISTER_ID, LAST_UPDT_PNTTM, LAST_UPDUSR_ID) VALUES ('CMS027', 'E01', '교환신청접수', '교환신청접수', 'Y', SYSDATE(), 'SYSTEM', SYSDATE(), 'SYSTEM');
INSERT INTO DTC_CMMN_DETAIL_CODE(CODE_ID, CODE, CODE_NM, CODE_DC, USE_AT, FRST_REGIST_PNTTM, FRST_REGISTER_ID, LAST_UPDT_PNTTM, LAST_UPDUSR_ID) VALUES ('CMS027', 'E02', '교환신청승인', '교환신청승인', 'Y', SYSDATE(), 'SYSTEM', SYSDATE(), 'SYSTEM');
INSERT INTO DTC_CMMN_DETAIL_CODE(CODE_ID, CODE, CODE_NM, CODE_DC, USE_AT, FRST_REGIST_PNTTM, FRST_REGISTER_ID, LAST_UPDT_PNTTM, LAST_UPDUSR_ID) VALUES ('CMS027', 'E03', '교환신청반려', '교환신청반려', 'Y', SYSDATE(), 'SYSTEM', SYSDATE(), 'SYSTEM');
INSERT INTO DTC_CMMN_DETAIL_CODE(CODE_ID, CODE, CODE_NM, CODE_DC, USE_AT, FRST_REGIST_PNTTM, FRST_REGISTER_ID, LAST_UPDT_PNTTM, LAST_UPDUSR_ID) VALUES ('CMS027', 'E04', '교환재발송중', '교환재발송중', 'Y', SYSDATE(), 'SYSTEM', SYSDATE(), 'SYSTEM');
INSERT INTO DTC_CMMN_DETAIL_CODE(CODE_ID, CODE, CODE_NM, CODE_DC, USE_AT, FRST_REGIST_PNTTM, FRST_REGISTER_ID, LAST_UPDT_PNTTM, LAST_UPDUSR_ID) VALUES ('CMS027', 'E05', '교환완료', '교환완료', 'Y', SYSDATE(), 'SYSTEM', SYSDATE(), 'SYSTEM');
INSERT INTO DTC_CMMN_DETAIL_CODE(CODE_ID, CODE, CODE_NM, CODE_DC, USE_AT, FRST_REGIST_PNTTM, FRST_REGISTER_ID, LAST_UPDT_PNTTM, LAST_UPDUSR_ID) VALUES ('CMS027', 'R01', '반품(환불)접수', '반품(환불)접수', 'Y', SYSDATE(), 'SYSTEM', SYSDATE(), 'SYSTEM');
INSERT INTO DTC_CMMN_DETAIL_CODE(CODE_ID, CODE, CODE_NM, CODE_DC, USE_AT, FRST_REGIST_PNTTM, FRST_REGISTER_ID, LAST_UPDT_PNTTM, LAST_UPDUSR_ID) VALUES ('CMS027', 'R02', '반품(환불)승인', '반품(환불)승인', 'Y', SYSDATE(), 'SYSTEM', SYSDATE(), 'SYSTEM');
INSERT INTO DTC_CMMN_DETAIL_CODE(CODE_ID, CODE, CODE_NM, CODE_DC, USE_AT, FRST_REGIST_PNTTM, FRST_REGISTER_ID, LAST_UPDT_PNTTM, LAST_UPDUSR_ID) VALUES ('CMS027', 'R03', '반품(환불)반려', '반품(환불)반려', 'Y', SYSDATE(), 'SYSTEM', SYSDATE(), 'SYSTEM');
INSERT INTO DTC_CMMN_DETAIL_CODE(CODE_ID, CODE, CODE_NM, CODE_DC, USE_AT, FRST_REGIST_PNTTM, FRST_REGISTER_ID, LAST_UPDT_PNTTM, LAST_UPDUSR_ID) VALUES ('CMS027', 'R04', '반품(환불)수거중', '반품(환불)수거중', 'Y', SYSDATE(), 'SYSTEM', SYSDATE(), 'SYSTEM');
INSERT INTO DTC_CMMN_DETAIL_CODE(CODE_ID, CODE, CODE_NM, CODE_DC, USE_AT, FRST_REGIST_PNTTM, FRST_REGISTER_ID, LAST_UPDT_PNTTM, LAST_UPDUSR_ID) VALUES ('CMS027', 'R05', '반품(환불)완료', '반품(환불)완료', 'Y', SYSDATE(), 'SYSTEM', SYSDATE(), 'SYSTEM');
INSERT INTO DTC_CMMN_DETAIL_CODE(CODE_ID, CODE, CODE_NM, CODE_DC, USE_AT, FRST_REGIST_PNTTM, FRST_REGISTER_ID, LAST_UPDT_PNTTM, LAST_UPDUSR_ID) VALUES ('CMS027', 'T01', '구독해지접수', '구독해지접수', 'Y', SYSDATE(), 'SYSTEM', SYSDATE(), 'SYSTEM');
INSERT INTO DTC_CMMN_DETAIL_CODE(CODE_ID, CODE, CODE_NM, CODE_DC, USE_AT, FRST_REGIST_PNTTM, FRST_REGISTER_ID, LAST_UPDT_PNTTM, LAST_UPDUSR_ID) VALUES ('CMS027', 'T02', '구독해지완료', '구독해지완료', 'Y', SYSDATE(), 'SYSTEM', SYSDATE(), 'SYSTEM');
INSERT INTO DTC_CMMN_DETAIL_CODE(CODE_ID, CODE, CODE_NM, CODE_DC, USE_AT, FRST_REGIST_PNTTM, FRST_REGISTER_ID, LAST_UPDT_PNTTM, LAST_UPDUSR_ID) VALUES ('CMS028', 'W', '주문대기', '주문대기', 'Y', SYSDATE(), 'SYSTEM', SYSDATE(), 'SYSTEM');
INSERT INTO DTC_CMMN_DETAIL_CODE(CODE_ID, CODE, CODE_NM, CODE_DC, USE_AT, FRST_REGIST_PNTTM, FRST_REGISTER_ID, LAST_UPDT_PNTTM, LAST_UPDUSR_ID) VALUES ('CMS028', 'O', '주문', '주문', 'Y', SYSDATE(), 'SYSTEM', SYSDATE(), 'SYSTEM');
INSERT INTO DTC_CMMN_DETAIL_CODE(CODE_ID, CODE, CODE_NM, CODE_DC, USE_AT, FRST_REGIST_PNTTM, FRST_REGISTER_ID, LAST_UPDT_PNTTM, LAST_UPDUSR_ID) VALUES ('CMS028', 'C', '취소', '취소', 'Y', SYSDATE(), 'SYSTEM', SYSDATE(), 'SYSTEM');
INSERT INTO DTC_CMMN_DETAIL_CODE(CODE_ID, CODE, CODE_NM, CODE_DC, USE_AT, FRST_REGIST_PNTTM, FRST_REGISTER_ID, LAST_UPDT_PNTTM, LAST_UPDUSR_ID) VALUES ('CMS028', 'E', '교환', '교환', 'Y', SYSDATE(), 'SYSTEM', SYSDATE(), 'SYSTEM');
INSERT INTO DTC_CMMN_DETAIL_CODE(CODE_ID, CODE, CODE_NM, CODE_DC, USE_AT, FRST_REGIST_PNTTM, FRST_REGISTER_ID, LAST_UPDT_PNTTM, LAST_UPDUSR_ID) VALUES ('CMS028', 'R', '반품', '반품', 'Y', SYSDATE(), 'SYSTEM', SYSDATE(), 'SYSTEM');
INSERT INTO DTC_CMMN_DETAIL_CODE(CODE_ID, CODE, CODE_NM, CODE_DC, USE_AT, FRST_REGIST_PNTTM, FRST_REGISTER_ID, LAST_UPDT_PNTTM, LAST_UPDUSR_ID) VALUES ('CMS028', 'F', '실패', '실패', 'Y', SYSDATE(), 'SYSTEM', SYSDATE(), 'SYSTEM');
INSERT INTO DTC_CMMN_DETAIL_CODE(CODE_ID, CODE, CODE_NM, CODE_DC, USE_AT, FRST_REGIST_PNTTM, FRST_REGISTER_ID, LAST_UPDT_PNTTM, LAST_UPDUSR_ID) VALUES ('CMS028', 'T', '해지', '해지', 'Y', SYSDATE(), 'SYSTEM', SYSDATE(), 'SYSTEM');
INSERT INTO DTC_CMMN_DETAIL_CODE(CODE_ID, CODE, CODE_NM, CODE_DC, USE_AT, FRST_REGIST_PNTTM, FRST_REGISTER_ID, LAST_UPDT_PNTTM, LAST_UPDUSR_ID) VALUES ('CMS029', 'MONTH', '월', '월', 'Y', SYSDATE(), 'SYSTEM', SYSDATE(), 'SYSTEM');
INSERT INTO DTC_CMMN_DETAIL_CODE(CODE_ID, CODE, CODE_NM, CODE_DC, USE_AT, FRST_REGIST_PNTTM, FRST_REGISTER_ID, LAST_UPDT_PNTTM, LAST_UPDUSR_ID) VALUES ('CMS029', 'WEEK', '주', '주', 'Y', SYSDATE(), 'SYSTEM', SYSDATE(), 'SYSTEM');
INSERT INTO DTC_CMMN_DETAIL_CODE(CODE_ID, CODE, CODE_NM, CODE_DC, USE_AT, FRST_REGIST_PNTTM, FRST_REGISTER_ID, LAST_UPDT_PNTTM, LAST_UPDUSR_ID) VALUES ('CMS030', 'E01', '대기', '대기', 'Y', SYSDATE(), 'SYSTEM', SYSDATE(), 'SYSTEM');
INSERT INTO DTC_CMMN_DETAIL_CODE(CODE_ID, CODE, CODE_NM, CODE_DC, USE_AT, FRST_REGIST_PNTTM, FRST_REGISTER_ID, LAST_UPDT_PNTTM, LAST_UPDUSR_ID) VALUES ('CMS030', 'E02', '정산보류', '정산보류', 'Y', SYSDATE(), 'SYSTEM', SYSDATE(), 'SYSTEM');
INSERT INTO DTC_CMMN_DETAIL_CODE(CODE_ID, CODE, CODE_NM, CODE_DC, USE_AT, FRST_REGIST_PNTTM, FRST_REGISTER_ID, LAST_UPDT_PNTTM, LAST_UPDUSR_ID) VALUES ('CMS030', 'E03', '정산요청', '정산요청', 'Y', SYSDATE(), 'SYSTEM', SYSDATE(), 'SYSTEM');
INSERT INTO DTC_CMMN_DETAIL_CODE(CODE_ID, CODE, CODE_NM, CODE_DC, USE_AT, FRST_REGIST_PNTTM, FRST_REGISTER_ID, LAST_UPDT_PNTTM, LAST_UPDUSR_ID) VALUES ('CMS030', 'E04', '정산처리중', '정산처리중', 'Y', SYSDATE(), 'SYSTEM', SYSDATE(), 'SYSTEM');
INSERT INTO DTC_CMMN_DETAIL_CODE(CODE_ID, CODE, CODE_NM, CODE_DC, USE_AT, FRST_REGIST_PNTTM, FRST_REGISTER_ID, LAST_UPDT_PNTTM, LAST_UPDUSR_ID) VALUES ('CMS030', 'E05', '정산완료', '정산완료', 'Y', SYSDATE(), 'SYSTEM', SYSDATE(), 'SYSTEM');
INSERT INTO DTC_CMMN_DETAIL_CODE(CODE_ID, CODE, CODE_NM, CODE_DC, USE_AT, FRST_REGIST_PNTTM, FRST_REGISTER_ID, LAST_UPDT_PNTTM, LAST_UPDUSR_ID) VALUES ('CMS031', 'CPE01', '정산대기', '정산대기', 'Y', SYSDATE(), 'SYSTEM', SYSDATE(), 'SYSTEM');
INSERT INTO DTC_CMMN_DETAIL_CODE(CODE_ID, CODE, CODE_NM, CODE_DC, USE_AT, FRST_REGIST_PNTTM, FRST_REGISTER_ID, LAST_UPDT_PNTTM, LAST_UPDUSR_ID) VALUES ('CMS031', 'CPE02', '정산보류', '정산보류', 'Y', SYSDATE(), 'SYSTEM', SYSDATE(), 'SYSTEM');
INSERT INTO DTC_CMMN_DETAIL_CODE(CODE_ID, CODE, CODE_NM, CODE_DC, USE_AT, FRST_REGIST_PNTTM, FRST_REGISTER_ID, LAST_UPDT_PNTTM, LAST_UPDUSR_ID) VALUES ('CMS031', 'CPE03', '정산완료', '정산완료', 'Y', SYSDATE(), 'SYSTEM', SYSDATE(), 'SYSTEM');
INSERT INTO DTC_CMMN_DETAIL_CODE(CODE_ID, CODE, CODE_NM, CODE_DC, USE_AT, FRST_REGIST_PNTTM, FRST_REGISTER_ID, LAST_UPDT_PNTTM, LAST_UPDUSR_ID) VALUES ('CMS032', 'GOODS', '상품', '상품', 'Y', SYSDATE(), 'SYSTEM', SYSDATE(), 'SYSTEM');
INSERT INTO DTC_CMMN_DETAIL_CODE(CODE_ID, CODE, CODE_NM, CODE_DC, USE_AT, FRST_REGIST_PNTTM, FRST_REGISTER_ID, LAST_UPDT_PNTTM, LAST_UPDUSR_ID) VALUES ('CMS032', 'EVENT', '이벤트', '이벤트', 'Y', SYSDATE(), 'SYSTEM', SYSDATE(), 'SYSTEM');
INSERT INTO DTC_CMMN_DETAIL_CODE(CODE_ID, CODE, CODE_NM, CODE_DC, USE_AT, FRST_REGIST_PNTTM, FRST_REGISTER_ID, LAST_UPDT_PNTTM, LAST_UPDUSR_ID) VALUES ('CMS033', 'WEK00', '주말', '주말', 'Y', SYSDATE(), 'SYSTEM', SYSDATE(), 'SYSTEM');
INSERT INTO DTC_CMMN_DETAIL_CODE(CODE_ID, CODE, CODE_NM, CODE_DC, USE_AT, FRST_REGIST_PNTTM, FRST_REGISTER_ID, LAST_UPDT_PNTTM, LAST_UPDUSR_ID) VALUES ('CMS033', 'BAS00', '베이직', '베이직', 'Y', SYSDATE(), 'SYSTEM', SYSDATE(), 'SYSTEM');
INSERT INTO DTC_CMMN_DETAIL_CODE(CODE_ID, CODE, CODE_NM, CODE_DC, USE_AT, FRST_REGIST_PNTTM, FRST_REGISTER_ID, LAST_UPDT_PNTTM, LAST_UPDUSR_ID) VALUES ('CMS033', 'PRM00', '프리미엄', '프리미엄', 'Y', SYSDATE(), 'SYSTEM', SYSDATE(), 'SYSTEM');
INSERT INTO DTC_CMMN_DETAIL_CODE(CODE_ID, CODE, CODE_NM, CODE_DC, USE_AT, FRST_REGIST_PNTTM, FRST_REGISTER_ID, LAST_UPDT_PNTTM, LAST_UPDUSR_ID) VALUES ('CMS034', 'MONTH', '월단위', '월단위', 'Y', SYSDATE(), 'SYSTEM', SYSDATE(), 'SYSTEM');
INSERT INTO DTC_CMMN_DETAIL_CODE(CODE_ID, CODE, CODE_NM, CODE_DC, USE_AT, FRST_REGIST_PNTTM, FRST_REGISTER_ID, LAST_UPDT_PNTTM, LAST_UPDUSR_ID) VALUES ('CMS034', 'DAY', '일단위', '일단위', 'Y', SYSDATE(), 'SYSTEM', SYSDATE(), 'SYSTEM');
INSERT INTO DTC_CMMN_DETAIL_CODE(CODE_ID, CODE, CODE_NM, CODE_DC, USE_AT, FRST_REGIST_PNTTM, FRST_REGISTER_ID, LAST_UPDT_PNTTM, LAST_UPDUSR_ID) VALUES ('CMS035', 'ALL', '전체공개', '전체공개', 'Y', SYSDATE(), 'SYSTEM', SYSDATE(), 'SYSTEM');
INSERT INTO DTC_CMMN_DETAIL_CODE(CODE_ID, CODE, CODE_NM, CODE_DC, USE_AT, FRST_REGIST_PNTTM, FRST_REGISTER_ID, LAST_UPDT_PNTTM, LAST_UPDUSR_ID) VALUES ('CMS035', 'GNRL', '일반회원공개', '일반회원공개', 'Y', SYSDATE(), 'SYSTEM', SYSDATE(), 'SYSTEM');
INSERT INTO DTC_CMMN_DETAIL_CODE(CODE_ID, CODE, CODE_NM, CODE_DC, USE_AT, FRST_REGIST_PNTTM, FRST_REGISTER_ID, LAST_UPDT_PNTTM, LAST_UPDUSR_ID) VALUES ('CMS035', 'SBS', '구독회원공개', '구독회원공개', 'Y', SYSDATE(), 'SYSTEM', SYSDATE(), 'SYSTEM');
INSERT INTO DTC_CMMN_DETAIL_CODE(CODE_ID, CODE, CODE_NM, CODE_DC, USE_AT, FRST_REGIST_PNTTM, FRST_REGISTER_ID, LAST_UPDT_PNTTM, LAST_UPDUSR_ID) VALUES ('CMS035', 'PRVUSE', '전용회원공개', '전용회원공개', 'Y', SYSDATE(), 'SYSTEM', SYSDATE(), 'SYSTEM');

INSERT INTO DTN_AUTHOR_INFO (AUTHOR_CODE,AUTHOR_NM,AUTHOR_DC,AUTHOR_CREAT_DE) VALUES ('IS_AUTHENTICATED_ANONYMOUSLY','스프링시큐리티 내부사용(롤부여 금지)','',SYSDATE());
INSERT INTO DTN_AUTHOR_INFO (AUTHOR_CODE,AUTHOR_NM,AUTHOR_DC,AUTHOR_CREAT_DE) VALUES ('IS_AUTHENTICATED_FULLY','스프링시큐리티 내부사용(롤부여 금지)','',SYSDATE());
INSERT INTO DTN_AUTHOR_INFO (AUTHOR_CODE,AUTHOR_NM,AUTHOR_DC,AUTHOR_CREAT_DE) VALUES ('IS_AUTHENTICATED_REMEMBERED','스프링시큐리티 내부사용(롤부여 금지)','',SYSDATE());
INSERT INTO DTN_AUTHOR_INFO (AUTHOR_CODE,AUTHOR_NM,AUTHOR_DC,AUTHOR_CREAT_DE) VALUES ('ROLE_ADMIN','관리자','',SYSDATE());
INSERT INTO DTN_AUTHOR_INFO (AUTHOR_CODE,AUTHOR_NM,AUTHOR_DC,AUTHOR_CREAT_DE) VALUES ('ROLE_ANONYMOUS','모든 사용자','',SYSDATE());
INSERT INTO DTN_AUTHOR_INFO (AUTHOR_CODE,AUTHOR_NM,AUTHOR_DC,AUTHOR_CREAT_DE) VALUES ('ROLE_EMPLOYEE','직원','',SYSDATE());
INSERT INTO DTN_AUTHOR_INFO (AUTHOR_CODE,AUTHOR_NM,AUTHOR_DC,AUTHOR_CREAT_DE) VALUES ('ROLE_SHOP','업체 사용자','',SYSDATE());
INSERT INTO DTN_AUTHOR_INFO (AUTHOR_CODE,AUTHOR_NM,AUTHOR_DC,AUTHOR_CREAT_DE) VALUES ('ROLE_USER','일반 사용자','',SYSDATE());

INSERT INTO DTN_ROLE_INFO (ROLE_CODE,ROLE_NM,ROLE_PTTRN,ROLE_DC,ROLE_TY,ROLE_SORT,ROLE_CREAT_DE) VALUES ('web-000001','로그인롤','\\A/user/sign/.*\.do.*\\Z','로그인허용을 위한 롤','url','1',SYSDATE());
INSERT INTO DTN_ROLE_INFO (ROLE_CODE,ROLE_NM,ROLE_PTTRN,ROLE_DC,ROLE_TY,ROLE_SORT,ROLE_CREAT_DE) VALUES ('web-000002','관리자','\\A/decms/.*\.do.*\\Z','관리자 페이지에 대한 접근 제한 롤','url','2',SYSDATE());
INSERT INTO DTN_ROLE_INFO (ROLE_CODE,ROLE_NM,ROLE_PTTRN,ROLE_DC,ROLE_TY,ROLE_SORT,ROLE_CREAT_DE) VALUES ('web-000003','모든접근제한','\A/.*\.do.*\\Z','모든자원에 대한 접근 제한 롤','url','3',SYSDATE());

INSERT INTO DTN_AUTHOR_ROLE_RELATE (AUTHOR_CODE,ROLE_CODE,CREAT_DT) VALUES ('ROLE_ANONYMOUS','web-000001',SYSDATE());
INSERT INTO DTN_AUTHOR_ROLE_RELATE (AUTHOR_CODE,ROLE_CODE,CREAT_DT) VALUES ('ROLE_ADMIN','web-000002',SYSDATE());
INSERT INTO DTN_AUTHOR_ROLE_RELATE (AUTHOR_CODE,ROLE_CODE,CREAT_DT) VALUES ('ROLE_USER','web-000003',SYSDATE());

INSERT INTO DTN_ROLES_HIERARCHY (PARNTS_ROLE,CHLDRN_ROLE) VALUES ('IS_AUTHENTICATED_ANONYMOUSLY','IS_AUTHENTICATED_REMEMBERED');
INSERT INTO DTN_ROLES_HIERARCHY (PARNTS_ROLE,CHLDRN_ROLE) VALUES ('IS_AUTHENTICATED_FULLY','ROLE_USER');
INSERT INTO DTN_ROLES_HIERARCHY (PARNTS_ROLE,CHLDRN_ROLE) VALUES ('IS_AUTHENTICATED_REMEMBERED','IS_AUTHENTICATED_FULLY');
INSERT INTO DTN_ROLES_HIERARCHY (PARNTS_ROLE,CHLDRN_ROLE) VALUES ('ROLE_ANONYMOUS','IS_AUTHENTICATED_ANONYMOUSLY');
INSERT INTO DTN_ROLES_HIERARCHY (PARNTS_ROLE,CHLDRN_ROLE) VALUES ('ROLE_EMPLOYEE','ROLE_ADMIN');
INSERT INTO DTN_ROLES_HIERARCHY (PARNTS_ROLE,CHLDRN_ROLE) VALUES ('ROLE_USER','ROLE_EMPLOYEE');


INSERT INTO DTN_GROUP_INFO (GROUP_ID, GROUP_NM, GROUP_CREAT_DE, GROUP_DC) VALUES ('GROUP_00000000000000','0번  그룹입니다',SYSDATE(),'0번  그룹입니다');

INSERT INTO DTN_SITE (SITE_ID, SITE_NM, SITE_MNGR_NM, SITE_EMAIL, SITE_ADRES, SITE_TELNO, SITE_FAXNO, SITE_COPYRIGHT , SITE_LOGO_PATH, SITE_SN, TERMS_COND, PRIV_INFO, REGIST_PNTTM, REGISTER_ID, ACTVTY_AT)
VALUES('SITE_00000', '(주)한국구독경제', '관리자', 'support@modoo.ai', '서울특별시 강남구 봉은사로 104길 10, 아이큐어타워 6층', '02-6011-8434', '02-0000-0000', 'Copyright © 2020 (주)한국구독경제, ALL RIGHTS RESERVED' , NULL, 0, '', '', SYSDATE(), 'SYSTEM', 'Y');
INSERT INTO DTN_SITE_DOMAIN (SITE_ID,DOMAIN_NM,DOMAIN_SN) VALUES ('SITE_00000','localhost',1) ;

INSERT INTO DTN_MBER (ESNTL_ID, SITE_ID, MBER_ID, PASSWORD, MBER_NM, EMAIL, MBER_STTUS, MBER_TY_CODE, SBSCRB_DE, LOCK_AT, LOCK_CNT, LOCK_LAST_PNTTM, GROUP_ID, AUTHOR_CODE)
VALUES('USRCNFRM_000000ADMIN', 'SITE_00000', 'admin', 'dumypassword', '관리자', 'support@modoo.ai', 'P', 'USR03', SYSDATE(), NULL, NULL, NULL, 'GROUP_00000000000000', 'ROLE_ADMIN');


INSERT INTO STN_BANK (BANK_ID, BANK_NM, USE_AT) VALUES('BANK_00001', '경남은행', 'Y');
INSERT INTO STN_BANK (BANK_ID, BANK_NM, USE_AT) VALUES('BANK_00002', '광주은행', 'Y');
INSERT INTO STN_BANK (BANK_ID, BANK_NM, USE_AT) VALUES('BANK_00003', '교통은행', 'Y');
INSERT INTO STN_BANK (BANK_ID, BANK_NM, USE_AT) VALUES('BANK_00004', '기업은행', 'Y');
INSERT INTO STN_BANK (BANK_ID, BANK_NM, USE_AT) VALUES('BANK_00005', '대구은행', 'Y');
INSERT INTO STN_BANK (BANK_ID, BANK_NM, USE_AT) VALUES('BANK_00006', '대신저축은행', 'Y');
INSERT INTO STN_BANK (BANK_ID, BANK_NM, USE_AT) VALUES('BANK_00007', '대화은행', 'Y');
INSERT INTO STN_BANK (BANK_ID, BANK_NM, USE_AT) VALUES('BANK_00008', '도이치은행', 'Y');
INSERT INTO STN_BANK (BANK_ID, BANK_NM, USE_AT) VALUES('BANK_00009', '모간스탠리은행', 'Y');
INSERT INTO STN_BANK (BANK_ID, BANK_NM, USE_AT) VALUES('BANK_00010', '미즈호은행', 'Y');
INSERT INTO STN_BANK (BANK_ID, BANK_NM, USE_AT) VALUES('BANK_00011', '부산은행', 'Y');
INSERT INTO STN_BANK (BANK_ID, BANK_NM, USE_AT) VALUES('BANK_00012', '비엔피파리바은행', 'Y');
INSERT INTO STN_BANK (BANK_ID, BANK_NM, USE_AT) VALUES('BANK_00013', '산림조합중앙회', 'Y');
INSERT INTO STN_BANK (BANK_ID, BANK_NM, USE_AT) VALUES('BANK_00014', '산업은행', 'Y');
INSERT INTO STN_BANK (BANK_ID, BANK_NM, USE_AT) VALUES('BANK_00015', '새마을금고', 'Y');
INSERT INTO STN_BANK (BANK_ID, BANK_NM, USE_AT) VALUES('BANK_00016', '수협은행', 'Y');
INSERT INTO STN_BANK (BANK_ID, BANK_NM, USE_AT) VALUES('BANK_00017', '신한은행', 'Y');
INSERT INTO STN_BANK (BANK_ID, BANK_NM, USE_AT) VALUES('BANK_00018', '신한저축은행', 'Y');
INSERT INTO STN_BANK (BANK_ID, BANK_NM, USE_AT) VALUES('BANK_00019', '신협', 'Y');
INSERT INTO STN_BANK (BANK_ID, BANK_NM, USE_AT) VALUES('BANK_00020', '에스비아이저축은행', 'Y');
INSERT INTO STN_BANK (BANK_ID, BANK_NM, USE_AT) VALUES('BANK_00021', '엠유에프지은행', 'Y');
INSERT INTO STN_BANK (BANK_ID, BANK_NM, USE_AT) VALUES('BANK_00022', '우리은행', 'Y');
INSERT INTO STN_BANK (BANK_ID, BANK_NM, USE_AT) VALUES('BANK_00023', '우체국', 'Y');
INSERT INTO STN_BANK (BANK_ID, BANK_NM, USE_AT) VALUES('BANK_00024', '웰컴저축은행', 'Y');
INSERT INTO STN_BANK (BANK_ID, BANK_NM, USE_AT) VALUES('BANK_00025', '전북은행', 'Y');
INSERT INTO STN_BANK (BANK_ID, BANK_NM, USE_AT) VALUES('BANK_00026', '제이피모간체이스은행', 'Y');
INSERT INTO STN_BANK (BANK_ID, BANK_NM, USE_AT) VALUES('BANK_00027', '제주은행', 'Y');
INSERT INTO STN_BANK (BANK_ID, BANK_NM, USE_AT) VALUES('BANK_00028', '중국건설은행', 'Y');
INSERT INTO STN_BANK (BANK_ID, BANK_NM, USE_AT) VALUES('BANK_00029', '중국공상은행', 'Y');
INSERT INTO STN_BANK (BANK_ID, BANK_NM, USE_AT) VALUES('BANK_00030', '중국은행', 'Y');
INSERT INTO STN_BANK (BANK_ID, BANK_NM, USE_AT) VALUES('BANK_00031', '카카오뱅크', 'Y');
INSERT INTO STN_BANK (BANK_ID, BANK_NM, USE_AT) VALUES('BANK_00032', '케이뱅크', 'Y');
INSERT INTO STN_BANK (BANK_ID, BANK_NM, USE_AT) VALUES('BANK_00033', '하나은행', 'Y');
INSERT INTO STN_BANK (BANK_ID, BANK_NM, USE_AT) VALUES('BANK_00034', '한국씨티은행', 'Y');
INSERT INTO STN_BANK (BANK_ID, BANK_NM, USE_AT) VALUES('BANK_00035', 'BOA은행', 'Y');
INSERT INTO STN_BANK (BANK_ID, BANK_NM, USE_AT) VALUES('BANK_00036', 'HSBC은행', 'Y');
INSERT INTO STN_BANK (BANK_ID, BANK_NM, USE_AT) VALUES('BANK_00037', 'KB국민은행', 'Y');
INSERT INTO STN_BANK (BANK_ID, BANK_NM, USE_AT) VALUES('BANK_00038', 'NH농협은행', 'Y');
INSERT INTO STN_BANK (BANK_ID, BANK_NM, USE_AT) VALUES('BANK_00039', 'SC제일은행', 'Y');

INSERT INTO STN_HDRY_CMPNY (HDRY_ID,HDRY_NM,HDRY_TELNO,USE_AT) VALUES 
('HDRY_00001','CJ대한통운','1588-1255','Y')
,('HDRY_00002','로젠택배','','Y')
,('HDRY_00003','경동택배','','Y')
,('HDRY_00004','한진택배','','Y')
,('HDRY_00005','롯데글로벌로지스','','Y')
,('HDRY_00006','천일택배','','Y')
,('HDRY_00007','대신택배','','Y')
,('HDRY_00008','우체국택배','','Y')
,('HDRY_00009','일양로지스','','Y')
,('HDRY_00010','KGB','','Y')
,('HDRY_00011','DHL','','Y')
,('HDRY_99999','직접배송','','Y')
;

INSERT INTO STN_GOODS_CTGRY (GOODS_CTGRY_ID, UPPER_GOODS_CTGRY_ID, GOODS_CTGRY_NM, GOODS_CTGRY_SN, USE_AT) VALUES('GCTGRY_0000000000000', NULL, 'ROOT', 0, 'Y');
modoo_dev_db